tipo,cantidad,importe
agua,150,146666.66666666666
arroz,200,47900.0
fideo,125,52400.0
galleta,255,92016.66666666667
gaseosa,120,27983.333333333332
yogur,150,67700.0
